Sr4Mg4V8O24,283.093127667
Sr8Y2V6O24,93.8423028603
Ba7Pr1Fe8O24,68.6792013548
Pr6Hf2Zn2Fe6O24,127.306710625
La4Sr4Mn7Co1O24,60.2850907134
Ba4Sr4Ga1Fe7O24,118.302657605
La6Ti2Zn2Co6O24,140.791488296
La6Sm2Cr8O24,0.0
Sr4Ba4Fe2Co6O24,118.103266388
Sr4La1Zn3Ni8O24,381.107806842
Sr8V4Sn4O24,82.91347525
Y6Ta2Zn2Fe6O24,127.740217
Pr4Sr4Mn4Ni4O24,125.571143607
Ca8Fe2Co6O24,193.229456332
La8Ti7Fe1O24,79.2325764722
Y4Ca4Mn6Co2O24,193.969855727
Pr8Ti7Cr1O24,57.6088494687
La6Ta2Mn6Zn2O24,96.279210144
Y4Ca4Mn6Fe2O24,183.449190081
Y8V7Cr1O24,0.0
Nd2Y6Ti8O24,45.062381625
Sr4Y4Ga8O24,221.768006983
Ca4Y4Fe8O24,74.8181406079
Ba8Zr3Fe1Cu4O24,149.611167272
Ba4Pr4Nb7Co1O24,207.515713527
Pr8Sc4Ni4O24,110.716942858
Gd4Y4Fe8O24,0.0
Y4Ca4Fe1Ni7O24,350.052570547
Ba8Zr6Fe1Ni1O24,22.6412638903
Ca2Y6Ga8O24,139.06215854
Sr8V6Fe2O24,71.4796191771
Pr6Dy2Ti8O24,66.761333125
Sr4Ca4Ni6Co2O24,315.514875145
Ba4Pr4Nb6Ni2O24,321.98957475
Y6Nb2Zn2Co6O24,119.65758775
Ba4Sr4Fe8O24,92.5437335409
Ba8Mn7Ni1O24,182.075420764
Pr4Sm4Ti8O24,70.1397815625
Ba4Ca4Fe2Co6O24,205.564030427
La8Mn1Co7O24,27.9926398279
Sr4Ba4Mn1Ni7O24,255.478983068
Ca8Co7Ni1O24,207.904806722
Pr8Fe4Co4O24,40.8070147026
Sr8V4Ga4O24,134.244898562
Bi4Pr4Co8O24,69.4735155302
La1Pr4Zn3Co8O24,172.420203064
Pr4Sr4Mn2Co6O24,65.6442278493
Pr4Ca4Mn1Ni7O24,252.611495932
Ba6Cd2Fe8O24,175.579596453
Ba8Fe4Cu4O24,198.061859124
Ba6La2Fe6Co2O24,89.7212986079
La6Dy2Sc8O24,0.0
Y8Ga7Fe1O24,60.54108325
Y8Ti6Mn2O24,78.303986056
Ba7Zn1Co8O24,177.283020385
Y4Ba4Mn4Ni4O24,292.536083787
Sr8V6Co2O24,109.582963917
Pr8Ga4Fe4O24,37.473804
La4Ho4Co8O24,71.2267570302
Y6Zr2Zn2Co6O24,116.890894504
Ba4Pr4Ta6Co2O24,294.4157031
Ba8Zr5Zn2Fe1O24,79.3342931526
Sr8Ni4Co4O24,181.295284859
Sr4Ba4Mn4Ni4O24,199.00234553
Sr6Nb2Zn2Ni6O24,306.666897145
Pr6Sm2Mn8O24,41.664526817
Ba8Zr6Fe1Co1O24,19.4608832651
Sr4Pr4Sc8O24,102.395742733
Ba4Sr4Co7Ni1O24,148.873886864
Pr4Dy4Sc8O24,43.1287284375
Sr6Ta2Zn2Ni6O24,302.985862645
Ba4Ca4Mn1Co7O24,180.660958134
Y4Ba4Ni6Co2O24,362.461054466
La4Sr4Mn2Co6O24,55.9498436559
Ca4Sr4Co4Ni4O24,244.800345074
La4Nd4Co8O24,41.1709055302
Sr6Ca2Co8O24,111.066721692
Y8Cr2Fe6O24,14.178747375
La4Ho4Cr8O24,0.0
Pr8Ti6Fe2O24,105.442368438
La6Ho2Sc8O24,0.0
Ba4La4V8O24,79.64651974
Y6Ho2Ti8O24,53.686253625
Ba4Y4Fe8O24,120.026452358
La6Ta2Zn2Ni6O24,186.835774858
Ba4Pr4Ta6Fe2O24,281.102442575
Sr8Zr1V7O24,24.1527620726
Sr8Mn2Co6O24,106.514784005
Ba4Sr4Mn7Ni1O24,160.434806722
La4Ho4V8O24,47.26926175
La8Sc6Mn2O24,0.0
Ba3Sn1Pr4Ni8O24,263.83957477
Pr4Ba4Mn1Co7O24,124.477908026
Pr8Mn2Ga6O24,58.736874048
Ba2Sr6Fe7Ni1O24,110.285835802
Ba8Y4Fe4O24,64.5049606079
La8Ti7Co1O24,88.3802996944
Ba4Pr4Hf6Ni2O24,140.538550375
Ba7Zn1Ni8O24,325.497887744
Ca2Y6Cr8O24,43.4643305539
Sr4Ba4Mn2Co6O24,130.390352052
Pr8Cr2Co6O24,29.1802070302
Ca4Sr4Mn6Fe2O24,129.155595034
Pr8Sc7Mn1O24,33.6737583365
Ba8Fe7Mo1O24,127.681884176
Pr8Mn2Ni6O24,60.7251297098
Sr6Sm2V8O24,19.1667256158
Pr6Dy2Ni8O24,138.758173341
La8V4Cr4O24,49.15732575
Ca8Co8O24,188.514712621
Pr4Ho4Fe8O24,52.52667425
Ba4Y4Co8O24,136.252989858
Y8Fe6Ni2O24,58.1498186789
Sr7Zn1Co8O24,144.367702947
Ca8Co6Ni2O24,234.660650824
Ba4Nd4Fe8O24,122.389663096
Ba4Sr4Al4Fe4O24,198.106664217
Ba4Er4Mn8O24,150.999876359
Y8Ga7Ni1O24,82.2454137145
Ba8Ta1Fe7O24,54.2920320481
La8Mn7Ni1O24,31.343352695
Ca2La6Cr8O24,0.0
La8Mg1Fe7O24,0.0
Sr8Fe8O24,86.4303692157
Ba6Ti2Mn6Zn2O24,209.634412781
Ba4Sr4Mn4Fe4O24,104.244207537
Pr6Ho2Mn8O24,53.390279192
Y4Sr4Mn6Ni2O24,184.907725394
Y8Mg2Co6O24,0.0
Ba7Cd1Hf1Zr6Fe1O24,0.0
La4Sr4Fe1Co7O24,71.0448978223
Ca2La6Fe8O24,0.0
La4Sr4Co6Ni2O24,97.3721500131
Ba6Mn6Nb2Zn2O24,193.721693637
La7Zn1Co8O24,73.7475037184
Ba8Fe1Co7O24,133.030324873
Ca2Y6Sc8O24,84.8759223664
Ba2Sm6Fe8O24,178.235738798
Ba8Nb7Co1O24,45.073198625
Ca4Pr4Mn8O24,37.033060192
Ca4Ba4Mn4Co4O24,189.17625424
Pr4Ca4Mn6Fe2O24,95.4547320607
La4Ca4Mn1Co7O24,70.4378966858
Ba6Nb2Zn2Ni6O24,346.912901124
Ba4Ca4Mn4Co4O24,195.67275424
Pr4Ba4Fe1Co7O24,131.761462182
Sr4Ba4Mn6Co2O24,141.535229704
Sr8Mn1Fe7O24,82.8791005565
Ca8Mn2Co6O24,179.65413218
Pr8Fe2Ni6O24,93.8711281618
Ba2Ho6Fe8O24,291.384615991
La4Gd4Fe8O24,0.0
La1Y4Zn3Fe8O24,158.367409518
Ba8Zr3Nb4Fe1O24,10.5881855
Sr4Ba4Co4Ni4O24,220.161511037
Y8Mn6Co2O24,33.9806021996
La4Ca4Mn1Ni7O24,247.474246653
Ca4Sr4Co6Ni2O24,213.365656871
Ca2Pr6Co8O24,49.6917624592
Y4Sr4Mn1Ni7O24,318.785353762
Y4Sr4Mn2Co6O24,170.005981099
Ba4Sr4Al2Fe6O24,149.85009451
Pr4Sr4Ni4Co4O24,144.135044966
Y4Sr4Mn7Ni1O24,165.45646046
Pr4Sr4Co4Ni4O24,139.928044966
Sr7Gd1V8O24,28.6171985101
Y8Mn4Co4O24,0.0
Ba6Bi2Fe8O24,129.323671733
La8Mn6Cr2O24,49.847735144
Ba2Dy6Fe8O24,270.007912929
Pr4Ho4Sc8O24,49.581503375
Sr6Ca2Fe6Co2O24,115.594392567
Sr8V7Si1O24,62.0947510267
La8V6Cr2O24,48.571186875
Sr2Pr6Ga8O24,135.991885163
Pr8Ti4Co4O24,14.001149625
Ba6Nd2Fe8O24,73.9283453934
Sr4Y4Ti8O24,22.8817925
Y8Mn7Co1O24,38.1742435291
La1Y4Zn3Ni8O24,291.955557984
La8Mn6Co2O24,48.994329144
Sr4Ca4Fe8O24,138.582903341
Gd2Y6Fe8O24,0.0
Y8Sc7Co1O24,37.4221989413
Sr4Gd4V8O24,290.221571077
Ba4Pr4Ta6Ni2O24,367.6244316
La4Sr4Ni4Co4O24,132.211588216
Ba2La6V8O24,53.85203387
Pr8Cr6Fe2O24,0.0
Y8Fe2Co6O24,121.974896179
Ba7Sr1Fe8O24,80.7377666536
Y6Zr2Zn2Fe6O24,72.3673570833
La8Ti4Cr4O24,62.9442200833
Ba7Bi1Zr7Fe1O24,0.0
Y8Ti7Fe1O24,77.68295
Sr8Al4V4O24,95.049006375
Pr6Gd2Sc8O24,26.491269125
Pr8Cr1Fe7O24,30.80780525
Ba4Ho4Mn8O24,144.194571525
La4Ho4Fe8O24,0.0
Pr4Sr4Mn6Fe2O24,56.852612394
Pr4Ca4Mn7Ni1O24,108.425979583
Sr6Ca2Fe7Ni1O24,135.955482743
Sr7Sm1V8O24,20.0619416351
La4Ca4Ni4Co4O24,179.999332168
Pr4Sr4Ni7Co1O24,202.52553418
Y4Ba4Mn6Fe2O24,205.092926144
Sr8Ti8O24,8.691789
Ba2Bi2Pr4Co8O24,106.70233503
La8Ga4Ni4O24,67.0851014829
La6Ti2Zn2Ni6O24,202.290968412
Y8Mn2V6O24,33.5261903605
Gd4Y4Co8O24,0.0
Ba8Fe4Ir4O24,0.0
Sr8Ti2V6O24,0.0
Ba4Ca4Co7Ni1O24,212.756630817
La6Ti2Zn2Fe6O24,99.671795625
Ca4Sr4Fe1Ni7O24,313.927543003
Nd2Y6Ga8O24,76.8437187083
Ba8Hf6Ni2O24,96.8586983579
Pr8Ti6Cr2O24,95.4966739375
Ba4Sr4Mn8O24,137.791901025
La4Ba4Mn1Ni7O24,213.49368171
Ba8Fe6Ni2O24,137.479652578
Ca4Sr4Mn7Co1O24,151.898311103
Ba6Zr2Mn6Zn2O24,201.402112781
Y6Mn6Nb2Zn2O24,88.4608474773
Sr6Ti2Zn2Co6O24,195.159839729
Ba1Sr7V8O24,29.7477073211
Ba8Fe4Ni4O24,174.060277466
Ba8Ti8O24,19.340972
Pr4Sr4Mn4Co4O24,54.158767202
Pr8Fe4Ni4O24,69.8113911079
Ba4Sr4Mn2Fe6O24,104.37297146
Pr4Sr4Fe1Co7O24,85.4936441348
Y8Sc4Cr4O24,24.5125079375
Pr8Fe6Co2O24,47.9204658513
Y8Cr7Co1O24,21.5324071757
Y8V6Cr2O24,0.0
Ca8Mn6Co2O24,165.118221299
Ba8Zr7Fe1O24,0.0
La4Ca4Mn4Ni4O24,154.707610893
Pr6Nd2V8O24,3.69821609375
Sr4Ba4Ni7Co1O24,267.340579878
Y4Ho4Co8O24,59.2192098
Y8Mn4Cr4O24,46.0103451793
Y8Ga4Ni4O24,121.693502858
Y7Zn1Fe8O24,54.9497902145
Ca4Ba4Mn1Co7O24,189.952208134
Ca4Sr4Mn2Co6O24,150.042027957
Sr8V4Co4O24,113.170480976
Pr8Mn4Fe4O24,52.054920096
La1Pr4Zn3Fe8O24,171.679717581
Ba4Dy4Fe8O24,236.177315358
Y8Ga6Co2O24,69.8177552263
La8Fe8O24,0.0
Ba8Fe7Ni1O24,114.754340135
Ca4Y4Ni8O24,166.347668574
La8Mn2Fe6O24,27.030439173
Pr8Mn1Fe7O24,48.100167774
Ba8Mn4Ni4O24,215.604849978
La4Gd4V8O24,0.0
Pr4Sr4Mn1Co7O24,79.9859482049
Pr4Sm4V8O24,9.3649023125
Ba8Fe4Mo4O24,347.3831
La4Nd4Sc8O24,0.0
Pr6Ho2Cr8O24,0.0
Sr8Fe6Ni2O24,134.35498302
Sm4Y4Sc8O24,31.2618671875
Y8Ti7Mn1O24,65.7797960302
La5Zn3Co8O24,181.659746314
Sr6Nd2V8O24,25.2930529908
Ba4Sr4Mn1Ni7O24,251.703483068
Pr4Ba4Ni6Co2O24,262.896301216
Ba8Nb7Ni1O24,74.7720530417
Sr8V7Ge1O24,40.6890700892
Ba8Ta7Co1O24,109.47390069
Dy2Y6Ti8O24,45.407611625
Sm2Y6Mn8O24,42.385498067
La8Mg4Co4O24,0.0
Pr4Sm4Fe8O24,48.18377975
Pr8Mg4V4O24,0.0
Ba4Sn4Zr7Fe1O24,137.126058937
Pr8Mg1Ga7O24,82.6646597145
Ba6La2Fe8O24,60.3566925184
Ba6Sn2Zr7Fe1O24,52.4822445625
Ba4Sr4Fe6Co2O24,117.249168138
Sr4Ba4Mn4Co4O24,133.95472581
Ba4Sr4Fe7Co1O24,117.247059064
Ca2Y6V8O24,0.0
Y8Mg2Ti6O24,19.9708105
Pr8V7Fe1O24,0.0
Dy2Y6Cr8O24,21.353923875
Y4Ba4Mn2Fe6O24,950.227905877
La6Nd2Fe8O24,0.0
Pr8Mn6Fe2O24,44.324421644
La8Ga8O24,6.37138607143
Ba8Fe7Tc1O24,0.0
La8Co6Ni2O24,47.0181371079
Sr4La4Ga8O24,135.168012577
La8Co1Ni7O24,108.979857614
Ba4Sn4Fe8O24,468.0346095
Pr4Sr4Fe2Ni6O24,183.572992466
Ba4Gd4Fe8O24,108.66685467
Sr8Mn2Fe6O24,79.8648318973
Pr4Ba4Mn2Co6O24,122.772579444
Pr8Cr1Ga7O24,44.2032278125
Ba8Fe1Ni7O24,217.25282394
Y8Cr6Ni2O24,37.3769470539
Ba4Sr4Mn7Fe1O24,133.883367445
Sr8V6Rh2O24,123.689710284
Sm2Y6Cr8O24,9.31924846875
La8Mn4Ga4O24,0.0
Y4Ho4Ti8O24,52.42546125
Y4Sr4Mn6Co2O24,158.202912866
Y8Sc6Fe2O24,25.9562147812
La4Ba4Fe1Ni7O24,206.364163582
Pr6Nb2Zn2Ni6O24,170.112525858
Pr4Nd4Fe8O24,44.92360775
Pr6Hf2Zn2Co6O24,113.270941671
Sr4Pr4Ni8O24,195.442993324
Pr6Gd2Cr8O24,0.0
La6Hf2Zn2Co6O24,146.594935546
Y8Ti8O24,38.754046
La8Mn1V7O24,86.889654024
Ba4Y4Cr8O24,160.8491605
Y4Ca4Mn2Co6O24,210.107835323
La8Mg4Cr4O24,0.0
Ba8Nb4Fe4O24,24.184234
Pr4Sm4Ni8O24,134.671642403
Ca8Ti8O24,12.44807725
Y6Mn8Zn2O24,77.0450205253
Pr4Sm4Co8O24,35.0768895927
Pr6Zn2Co8O24,111.989368657
Pr8Mn2Co6O24,29.3008151019
Nd2Y6Fe8O24,31.763370625
Ba4La4Ga8O24,169.769380462
Y8Cr7Ni1O24,28.407001277
Y4Ho4Ga8O24,82.99657195
La8Mn6Ni2O24,19.2047596979
Sr2Y6Sc8O24,80.1722752414
Ba7Sn1Fe8O24,185.404210656
La2Sr6Cr2Fe6O24,89.81673775
Ba2Ca6Fe8O24,171.608093341
Ca8Fe4Ni4O24,291.099073324
Y4Ho4Ni8O24,86.5192126105
Gd4Y4Ga8O24,75.14562075
Pr4Nd4Sc8O24,25.08521475
La4Ho4Ti8O24,62.110810625
Nd4Y4Ni8O24,73.3023683407
Ba6Sr2Fe8O24,84.202505616
Y8Mn4Fe4O24,40.2393064293
Ca4Ba4Mn2Ni6O24,318.399907705
Pr4Ca4Fe2Ni6O24,238.98817827
La4Sm4Fe8O24,0.0
Ba2La6Sc8O24,14.0944440539
Y8Cr4Ni4O24,37.6093386079
Sr8Ni7Co1O24,252.767162288
Sr8Mn7Ni1O24,113.869161889
Sr6Hf2Zn2Ni6O24,350.019596699
Pr8Sc4Co4O24,42.9040664526
La6Nd2Co8O24,33.9191772177
Pr8Mn8O24,39.207923192
Y4Sr4Mn4Co4O24,77.4665625486
Y6Hf2Zn2Fe6O24,137.488659125
Pr4Ca4Ni4Co4O24,186.717788918
Y8V6Fe2O24,28.8957797708
Pr6Zr2Zn2Fe6O24,130.710795625
Ba4La4Fe6Co2O24,106.61645203
Sr2Pr6Ti8O24,0.0
Ba6La2Fe7Co1O24,73.0199955631
Y6Nb2Zn2Ni6O24,165.793652358
Ca2La6Co8O24,50.0254523342
Ba8Nb4Ni4O24,70.3541023579
Pr4Ca4Co6Ni2O24,161.293350716
Pr4Ba4Mn1Ni7O24,227.87867171
La8Fe1Co7O24,40.9146349171
La4Sm4Co8O24,59.0546828427
Ba8Nb6Fe2O24,24.8926086667
Y8Mn1Ni7O24,90.1656399358
Pr8Ti6Ni2O24,178.137720437
Pr8Mg2V6O24,0.0
Sr8Ta2V6O24,0.0
Sr6Zr2Zn2Fe6O24,179.995444162
Sr6Ta2Mn6Zn2O24,125.776102144
Pr7Zn1Co8O24,71.5466155309
La6Dy2Fe8O24,0.0
La6Dy2Ga8O24,25.3695907381
Sr8Sc2V6O24,0.0
Pr4Gd4Co8O24,0.0
Sr8Co6Ni2O24,134.673116573
La7Mn8Zn1O24,64.766785692
Ba4Ca4Mn4Ni4O24,313.722880645
Y8Sc7Cr1O24,29.3690972656
La6Ta2Zn2Co6O24,140.87646025
Sr8V7Rh1O24,95.5308332344
Y8Fe7Ni1O24,37.4680233395
Ca8Fe8O24,183.350687466
Ba6Sm2Fe8O24,88.1149313934
Y8Cr2Co6O24,62.4481655539
Y6Hf2Zn2Co6O24,124.022946546
Sr4Ca4Fe6Co2O24,141.96565963
Ba8Zr1Fe7O24,64.6627457298
Pr6Hf2Zn2Ni6O24,181.755921787
Ba4Pr4Hf7Co1O24,185.524542312
Ba4Pr4Mn6Ni2O24,112.573845031
Nd2Y6Sc8O24,31.5042600312
Sr2Y6V8O24,0.0
Ba8Zr6Nb1Fe1O24,0.0
Ba8Y1Fe7O24,73.8023139057
La8Cr6Fe2O24,0.0
La6Zr2Mn6Zn2O24,95.343111144
La8Mg2Mn6O24,0.0
Ba8Mo8O24,643.729766
Sr4Ba4Fe1Ni7O24,237.99271494
Pr6Gd2Ga8O24,67.7439449583
Ba4Pr4Mn6Cu2O24,132.109024281
Ba7Sm1Fe8O24,78.6712295423
Y8Fe6Co2O24,29.9034507263
La4Ba4Mn6Fe2O24,83.0462436023
Y8Mg1Co7O24,0.0
Ba4La4Fe8O24,3.6081073456
Y8Sc8O24,28.416710375
Sr8Y1V7O24,64.1409236857
Nd4Y4Ga8O24,79.0798034167
Y8Sc7Mn1O24,36.6110446855
Sr8Al2V6O24,59.7413320147
La8Cr4Fe4O24,0.0
Sr8V4Cu4O24,198.665046858
Ba4Ba4Mn2Fe6O24,271.906597528
Y8Mg2Ni6O24,0.0
Y8V7Ni1O24,0.0
La8V7Co1O24,57.4995003125
Sr8V7Pt1O24,129.167628484
Ba8Tc8O24,15.621525
La8Ga6Co2O24,16.5750555745
Ca8Mn1Ni7O24,366.50308111
Ba8Fe4Rh4O24,7.48766193813
Ba8Fe7Ir1O24,32.0094037039
La6Mn6Nb2Zn2O24,106.566685144
Nd2Y6Ni8O24,82.6202450282
Ba4Ca4Mn1Ni7O24,349.605405068
Ba8Zr7Ni1O24,0.0
Sr2La6Ga8O24,75.3897667571
Sr2La6V8O24,29.1224504136
Y8V8O24,0.0
Y4Sr4Ni6Co2O24,299.112578287
Pr8Mn7Cr1O24,34.251060668
Y8Ga4Co4O24,67.4148764526
Y4Sr4Mn4Ni4O24,233.383665668
La8Ga6Ni2O24,40.6187326789
Sn4Pr4Ni8O24,232.454010858
Ba4Sr4Mn1Co7O24,124.842572407
Ca8Mn8O24,164.660390859
La8Sc6Co2O24,0.0
Ba4Sr4Ni8O24,296.630230431
La8Sc4Co4O24,0.0
Ba8Zr5Fe1Co2O24,56.4799568664
Ba4Y4Sc8O24,126.616163691
Ba8Ga4Fe4O24,182.740912055
Sr4Ca4Ni7Co1O24,329.042834288
Ba8Al8O24,227.491284799
Y6Ti2Zn2Co6O24,103.964993921
Pr7Zn1Fe8O24,77.590214277
Y8Mn1Co7O24,74.3588962714
La4Nd4Ti8O24,40.797316625
Ba4Pr4Ti8O24,11.5904985
Ba8Mn8O24,159.403545859
Ba6Ta2Zn2Fe6O24,182.129032917
La4Sr4Mn4Ni4O24,117.792276816
Ca4Sr4Fe2Ni6O24,295.582042574
Ca4Ba4Ni7Co1O24,351.817501878
La4Ba4Fe1Co7O24,114.40771587
Ca4Sr4Mn1Co7O24,144.154498313
Sr2La6Mn8O24,32.1439513587
La4Ba4Mn7Co1O24,98.1125625013
Sr8Fe1Co7O24,88.3272115282
Ba4Sr4Mn7Co1O24,162.784212621
La6Gd2Co8O24,0.0
Y4Ho4Mn8O24,55.0886160253
Ba8Hf4Zr3Fe1O24,1.1676399614
Ca8Co4Ni4O24,286.026589026
Ba8Ga6Fe2O24,238.334229236
Sr8Co8O24,91.2669747157
Ba4Sr4Fe7Ni1O24,113.092107877
Ba4Pr4Hf7Ni1O24,229.064682937
Y8Cr1Ga7O24,62.3324679375
Ba4Sr4Zn1Fe7O24,119.774983252
La6Ho2Cr8O24,0.0
Pr4Sr4Mn6Ni2O24,86.8301581013
Pr8Mg2Co6O24,0.0
Ca4Ba4Co4Ni4O24,292.390663121
Ca8Mn4Ni4O24,276.006928145
La8Mg4Mn4O24,0.0
Ba4La4Cr8O24,62.1679659375
La8Mn8O24,39.226445692
Ca8Mn1Co7O24,132.871922401
Pr6Ho2Ni8O24,141.471165903
Ba4Y4Mn8O24,124.630840359
Sr4Ba4Mn1Co7O24,126.700822407
Sr8Fe1Ni7O24,243.428371003
Ba4Ca4Mn2Ni6O24,346.087907705
Pr8Mn7Ni1O24,65.031540945
Y8V4Co4O24,289.029515
Sr6Mn8Zn2O24,153.899276496
Ba8Mn2Zr1Fe5O24,0.0
Ba8Ta7Ni1O24,127.239966608
La6Nd2Ni8O24,131.304680028
Sm2Y6Ni8O24,82.5826336845
Sr4Pr4Co8O24,64.9749185605
Ba8Pd8O24,90.406833621
Pr8Cr4Co4O24,13.1808016552
Ca4Sr4Co7Ni1O24,179.65931277
Ba4Pr4Zr7Fe1O24,175.569397813
Sr4Ca4Mn6Co2O24,141.921101323
Ba6Pr2Fe8O24,67.1398750184
Pr8Sc7Cr1O24,17.6733958125
Ba4Sr4Ga4Fe4O24,202.689679797
Pr8Sc7Ni1O24,47.2433760895
Ba2Nd6Fe8O24,132.814980798
Ca4Ba4Fe1Ni7O24,323.82263694
Ca2Pr6Mn8O24,33.273366692
Y4Ca4Mn4Ni4O24,259.086381287
La4Nd4Ni8O24,133.559658341
Pr4Ba4Mn7Fe1O24,106.220358751
Sr8V4Ir4O24,140.737464875
Y8Mg4Ti4O24,5.974325
Pr8Sc4Fe4O24,28.72421875
La8Ga7Fe1O24,0.0
Pr4Dy4Mn8O24,56.733026192
Ba2La6Cr8O24,16.6684097187
La4Ca4Mn2Ni6O24,218.137284733
Y8Sc4Mn4O24,46.7667976168
Y4Ca4Mn2Ni6O24,318.43464993
Ba8Zr6Fe1Cu1O24,29.163207289
Y8Cr1Fe7O24,17.2121126875
La8Sc4Mn4O24,0.0
Y8Sc6Co2O24,45.9371875076
Y6Ho2Sc8O24,37.4352793438
La8Mg2Ti6O24,24.13350925
Pr4Sr4Fe1Ni7O24,200.760492895
La6Sm2Sc8O24,0.0
Ba8Mn1Fe7O24,83.5686241725
Ba8Hf6Fe2O24,38.7490899228
Ba4Pr4Ta7Ni1O24,299.692484775
Ba8Fe4Pt4O24,9.79676616949
Ba3Sr3La2Mn1Fe7O24,0.0
Ca4Ba4Mn6Ni2O24,231.128112002
Sr8V6Os2O24,101.020673844
La6Sm2Co8O24,43.192815874
Ba8Hf2Fe6O24,71.4456317684
Pr6Ho2Fe8O24,52.565170625
Ba6Zr2Zn2Co6O24,218.800570608
Pr8Mn4Co4O24,0.0
La8Sc4Ni4O24,44.4184733579
Ba8Zr8O24,0.0
Pr8Ti7Ni1O24,125.215369688
Sr8Mn4Co4O24,99.6813432933
Y7Zn1Co8O24,84.4124962184
Ba8Hf1Zr6Fe1O24,0.0
Ba6Mg2Fe8O24,236.664681953
La8Ti6Fe2O24,118.542972875
Y6Nb2Zn2Fe6O24,209.8826285
Gd4Y4Ni8O24,0.0
Sm2Y6Sc8O24,30.5960387812
La4Ba4Mn2Fe6O24,845.337300308
Sr4Pr4Fe8O24,58.5465181079
Ba2Sr6Fe4Ni4O24,183.271284153
Sm2Y6Ti8O24,45.3272820625
La6Gd2Cr8O24,0.0
La4Ca4Mn7Fe1O24,94.433508918
La6Sm2Ti8O24,42.324806125
Y8Mg1V7O24,0.0
La6Dy2V8O24,44.856381
Ca4Ba4Mn2Co6O24,189.824629552
Ba8Hf4Co4O24,131.350152405
Ba8Zr5Fe1Ni2O24,66.1459738193
La4Sr4Mn7Ni1O24,69.2085003268
La8Mg2Sc6O24,34.3690176789
Ba7Mg1Fe8O24,156.229729822
Sr6Zn2Co8O24,191.511615135
La6Dy2Mn8O24,53.842554067
Sr8Al1V7O24,38.6328698346
Ba7Sn1Hf1Zr6Fe1O24,0.0
La8Cr1Co7O24,34.4706557296
La4Sm4Ni8O24,150.508185653
Pr4Ho4Ga8O24,91.3811395875
Pr8Mg1Fe7O24,0.0
Y8Cr8O24,14.2008055
Sr4La4Mn8O24,39.241275192
La6Gd2Ga8O24,85.9609736131
Ba8Zr5Fe1Cu2O24,78.0236106166
Ba6Ta2Zn2Ni6O24,340.489474124
La4Dy4Co8O24,70.8357719052
Sr4Ba4Mn6Fe2O24,122.431670219
Ca8Ni7Co1O24,378.45337133
La4Sm4Mn8O24,44.850516692
Ca2La6V8O24,33.200068125
Ba2Y6Cr8O24,101.755733
Ba7Nd1Fe8O24,71.9005615423
Y4Ca4Mn1Ni7O24,346.902034252
Gd2Y6Mn8O24,0.0
Y4Ba4Co4Ni4O24,218.442616263
Ca2Pr6V8O24,8.63070904687
Sr8V7Cu1O24,112.949106484
Ba4Pr4Zr4Ni4O24,199.684568608
Gd4Y4Mn8O24,0.0
La7Zn1Fe8O24,79.884325527
La8Mg1Sc7O24,5.05625633946
Ba2Pr6Fe8O24,58.8853196728
Pr8Sc4Mn4O24,51.950721846
Sr2Y6Ga8O24,152.154945491
Pr8Mg4Co4O24,0.0
Sr8Sc1V7O24,0.0
Pr4Ba4Fe2Ni6O24,204.046571341
Pr6Ti2Zn2Fe6O24,85.3211605625
Pr8Ga8O24,50.298441
Pr8Sc8O24,23.6410205
Ba8Zr6Fe2O24,0.0
Ba6Ti2Zn2Ni6O24,388.395179407
Ba4Pr4Nb4Fe4O24,42.1689745
Pr8Mn1Cr7O24,0.0
Ba7Bi1Fe8O24,100.949224712
Pr8Mg1Co7O24,0.0
Ca2Y6Mn8O24,38.1925113587
Pr6Ho2Ga8O24,76.7577252083
Sm4Y4Fe8O24,37.78468525
Ba4Sr4Co4Ni4O24,223.624761037
Ca4Ba4Ni4Co4O24,294.310413121
Ba4Pr4Cr8O24,100.440194583
Sm2Y6Fe8O24,29.915706625
Ca2Y6Ni8O24,123.849520145
Ca2Pr6Cr8O24,13.8924376789
Sr8Co4Ni4O24,178.939784859
Ba4Pr4Mn8O24,53.5428595253
Ca4Y4Mn8O24,39.1108878587
Ba6Cd2Hf1Zr6Fe1O24,0.0
Ba8Zr5Ta2Fe1O24,0.0
La4Ba4Mn2Co6O24,114.498161703
Sm4Y4Ti8O24,50.027518125
Ca4Y4V8O24,0.0
Ba4Y4Ga8O24,267.854425525
La8Cr8O24,0.0
Pr8Mn4V4O24,42.187522471
Pr4Sm4Sc8O24,28.58352225
Pr4Sm4Mn8O24,42.815880442
La8Sc4Fe4O24,0.0
La4Sr4Fe2Ni6O24,173.746535716
Ba8Co7Ni1O24,159.117704912
La4Nd4Cr8O24,0.0
Ba4Pr4Ta7Co1O24,280.87646981
Sr8Mn8O24,90.748756192
Y8Mn1Cr7O24,23.5812529198
Sr4Ca4Fe2Co6O24,156.185442293
Ca4La4Ti8O24,0.0
La8Cr2Ni6O24,95.7636771618
Sr4Y4Co8O24,100.47292181
La8Cr2Fe6O24,19.901478625
Y8Mg2Cr6O24,0.0
Ba6Ti2Zn2Fe6O24,241.537702912
Pr8Mg4Ti4O24,5.435506125
Pr8V4Ni4O24,103.74396875
Sr4Y4Mn8O24,52.5504455253
Sr8Mg2V6O24,93.8114346912
Ba6Bi1La1Fe8O24,93.4258071256
La6Sm2Mn8O24,43.488231192
Sr4Ca4Fe4Ni4O24,244.717542324
Pr6Dy2V8O24,0.0
Ba8Ga1Fe7O24,102.036436282
Sr4Y4Sc8O24,120.865840108
Ba4Sr4Fe6Cu2O24,151.797440519
Ba3Bi4La1Fe8O24,171.956702719
Sr4Pr4Ga8O24,202.393591514
Sr2La6Fe8O24,0.0
La8Fe1Ni7O24,115.200293626
Pr8Mg4Ni4O24,0.0
Ba4Sr4Mn4Co4O24,138.09122581
Ba8Fe6Mo2O24,179.258723131
Pr8Mn4Ga4O24,58.332307096
Pr4Ca4Fe2Co6O24,129.319113662
La8Mn7Cr1O24,43.125215418
Y8Cr6Fe2O24,11.017786125
Ba5Cd2La1Fe8O24,166.187428867
Pr6Ta2Zn2Ni6O24,171.809960608
La8Ga6Fe2O24,0.0
Y8Mn7Cr1O24,40.8206874388
Ca8Mn7Fe1O24,157.972802935
Y4Sr4Fe1Ni7O24,304.851246145
Ba8Mn2Fe6O24,90.6089706538
Pr8Mn2Cr6O24,0.0
Ba8Co6Ni2O24,191.113049013
Y4Sr4Mn1Co7O24,88.5969514549
Sr7Mg1V8O24,71.0907635772
La4Dy4Ga8O24,32.0782685125
La8Sc4Cr4O24,0.0
Ba4Pr4Hf4Co4O24,99.7625282026
Y8Sc4Co4O24,57.8409146401
La8Co4Ni4O24,55.7153253105
Ba2La6Mn8O24,43.3637207337
La4Sm4V8O24,13.39023875
La4Ba4Ni4Co4O24,177.346156263
Pr4Sr4Mn1Ni7O24,204.542100512
La6Zr2Zn2Ni6O24,200.047469412
Sr8Y4V4O24,112.1749515
Ba4Sr4Mn6Co2O24,165.109729704
Ca2La6Ga8O24,73.9741468307
La6Gd2Ni8O24,0.0
Sr4Ba4Ni6Co2O24,273.613179324
La1Y4Zn3Co8O24,168.464956314
Pr4Dy4Co8O24,50.8392286552
Sr4Pr4V8O24,0.531766389704
Ba4Sn4Hf1Zr6Fe1O24,85.2336429375
La4Ca4Co6Ni2O24,151.356143966
Y4Sr4Ni7Co1O24,210.32978743
Ca8Fe1Ni7O24,367.138367404
Ca2Y6Co8O24,62.3247673342
Sr2La6Cr8O24,0.0
Y8Fe1Ni7O24,110.664773689
Ca4Ba4Mn2Fe6O24,956.831955747
La8Mg4Ga4O24,108.224668483
Ca4Y4Cr8O24,63.9648556079
Ba4Pr4Mn6Co2O24,86.5356568286
La8Mn2Ni6O24,69.2693877098
Sr4Nd4V8O24,87.1299483272
Ba4La1Zn3Ni8O24,0.0
Sr8V7Cr1O24,39.7988018658
Y6Ti2Zn2Ni6O24,174.631224037
Y8Sc7Ni1O24,54.0260430426
Pr4Gd4Sc8O24,26.50926775
Cd4Pr4Ni8O24,298.368831324
La6Nb2Zn2Fe6O24,110.462825
Sr4Ca4Mn4Ni4O24,240.576558169
Sm4Y4Ni8O24,75.6793956532
La4Sr4Mn1Ni7O24,204.554893762
La8Mg4Ti4O24,22.18427375
Sr8Ti4V4O24,0.0
Y8Cr2Ni6O24,71.7619801618
Sr8V7Ir1O24,105.859697484
Ba8Fe7Os1O24,34.7342257044
Pr8Mg2Sc6O24,82.2953901789
Y4Ba4Mn7Co1O24,152.280199029
La8Cr6Co2O24,0.0
Ba4Pr4Nb4Co4O24,52.0286768333
Pr8Mn1Co7O24,26.2303387536
Sr4Ba4Co6Ni2O24,170.627480966
Ba4Sr4Ga6Fe2O24,251.771743647
Pr8V4Co4O24,69.00741775
Y8Mn1Ga7O24,70.4541653573
La4Dy4V8O24,45.433214
Ba8Nb8O24,7.667046
Y6Zr2Zn2Ni6O24,187.51962462
La8V7Ni1O24,73.0016409375
Ba8Mn6Co2O24,179.412889318
Ba4Ca4Mn6Fe2O24,192.01041751
Sr4Pr4Ti8O24,0.0
Sr6Nb2Zn2Co6O24,166.699388858
Ba2Y6Mn8O24,91.1059876087
La6Nd2Sc8O24,0.0
Y8Sc7Fe1O24,27.1567125781
Sr8Fe6Co2O24,88.6858955907
Pr8Sc6Ni2O24,71.6777316789
Pr8Mn1Ga7O24,54.666157524
Ba4Sr4Mn4Ni4O24,199.57809553
Ba8Mn7Fe1O24,157.242981487
Pr4Ca4Co7Ni1O24,135.164756614
Ba4Gd4Co8O24,130.59739217
La4Ba4Mn6Ni2O24,118.248559781
Ca4Sr4Mn6Ni2O24,184.330789526
Pr4Ba4Fe1Ni7O24,221.055903582
La4Sr4Fe1Ni7O24,191.404536145
Ca8Fe6Ni2O24,237.583378832
La8Mn4Co4O24,26.702212596
La8Ti4Ni4O24,39.83120675
Ca8Ni6Co2O24,361.579777229
La6Nd2V8O24,35.46209575
Ba7La1Fe6Co2O24,97.0462161943
Y8Mg4Ga4O24,166.797819858
Ba8Ta2Fe6O24,27.313536405
Nd4Y4V8O24,0.0
Ca4Sr4Ni4Co4O24,247.909595074
La8Mg1Ni7O24,0.0
Ba6Gd2Fe8O24,98.5115661808
Ba6Ce2Fe8O24,120.214815608
Ba8Ru8O24,56.6738366667
Y4Sr4Mn7Co1O24,55.5045541958
La8Mg4Ni4O24,0.0
Nd2Y6Cr8O24,26.35395975
Ho8Fe8O24,417.7519315
Ba6Zn2Co8O24,249.549443408
Ba4Pr4Nb4Ni4O24,134.5064424
Sr4Ca4Fe7Ni1O24,163.497124024
Ba6Zr2Zn2Ni6O24,344.799275407
Ba2Sr6V8O24,42.1335069877
Sr8V7Mo1O24,111.369551266
Pr4Ba4Co6Ni2O24,163.79917481
Ca4La4Sc8O24,87.3607131079
Y8Ti4Cr4O24,54.3341091667
Ba4Pr4Zr4Fe4O24,126.7773445
Dy2Y6V8O24,0.0
La6Gd2Fe8O24,0.0
Y8Cr6Co2O24,28.6637588513
Y8Mg2Ga6O24,116.752351929
Pr8V6Ni2O24,73.7535701719
Sr6Ca2Fe8O24,112.287386278
Y8Ti7Cr1O24,78.06700275
Ba8Cu8O24,274.349273966
Pr8Ga6Ni2O24,97.0888905539
La8Mn6Fe2O24,43.995693519
Sr4La4Cr8O24,4.514301375
Pr8Mn2V6O24,35.6929084386
Sr8V6Ru2O24,97.2556960313
Pr6Zn2Fe8O24,117.557011554
Ba6Cd1La1Fe8O24,114.554644486
Pr8Mg4Cr4O24,0.0
Pr8Ti4Mn4O24,35.728066221
Ca2Pr6Fe8O24,55.4728596164
Sr8Fe4Co4O24,93.7481719657
Ba4Sr4Mn6Fe2O24,126.818170219
La8Mg2Cr6O24,0.0
Pr8Ti7Mn1O24,68.9092871406
Pr8Mg1Mn7O24,0.0
Y8Fe8O24,20.138728
Ba4Pr4Hf7Fe1O24,197.246256937
Pr6Mn8Zn2O24,99.387515567
Sr4La1Zn3Fe8O24,227.914068689
Y6Ho2Fe8O24,27.119653875
Pr4Sr4Fe2Co6O24,84.9348697092
Ba8Ga2Fe6O24,128.364344873
Pr6Nd2Sc8O24,24.413617625
Ba8Zr3Fe1Ni4O24,140.134457153
Y4Ho4Fe8O24,34.01532975
Ba8Hf4Ni4O24,177.441803716
Y4Ba4Co7Ni1O24,259.886083959
Pr6Ho2V8O24,0.0
Sr8V4Si4O24,155.909864281
La8Mg4V4O24,0.0
Pr6Sm2Cr8O24,0.0
Pr6Gd2Mn8O24,0.0
Pr4Ba4Mn7Co1O24,100.864883177
Pr8Co1Ni7O24,102.151271114
La4Ca4Mn6Fe2O24,94.837602144
Gd2Y6V8O24,0.0
Pr8Cr4Ni4O24,18.4401941079
Ba7La1Fe4Co4O24,111.442293772
Ba2Sr6Fe4Co4O24,109.488955989
Y8Mg1Sc7O24,59.0626222926
Pr6Nb2Zn2Fe6O24,147.4918845
Ba4Ca4Fe2Ni6O24,317.356871449
La8V8O24,36.257048
Dy4Y4Co8O24,56.3388158052
Dy8Fe8O24,390.4260105
Ba7Ho1Fe8O24,99.0662208891
Sr8V7Ni1O24,109.972952484
Y4Ca4Ni6Co2O24,338.955480371
La8Cr2Co6O24,60.1231125539
Pr4Sr4Co6Ni2O24,118.314106763
Y8Co4Ni4O24,17.7019953105
Ba7Ce1Fe8O24,87.3132966495
Pr6Gd2Co8O24,0.0
Ba8Rh8O24,114.525327049
Ba8Fe6Os2O24,29.459108777
Ba8Fe2Ni6O24,202.269808449
La6Dy2Co8O24,59.5521104052
Sr8V4Mo4O24,341.670362
Y8Mg4Co4O24,0.0
Y6Zn2Ni8O24,228.914530895
Y4Ca4Fe1Co7O24,76.4960376187
Y8Ti4Fe4O24,13.4709235
Y4Ca4Mn6Ni2O24,216.454612644
Y4Ba4Mn6Co2O24,144.0065577
Sr7Pr1V8O24,15.1299348382
Sr6Ca2Mn8O24,113.501498734
Pr4Ba4Mn6Co2O24,122.677656829
La6Dy2Ni8O24,157.374363216
Y4Sr4Fe2Co6O24,104.459645435
La8Mn2Co6O24,29.9490807506
Ba4Sr4V8O24,66.9631063211
Ba2Mg6Fe8O24,515.805330466
Ba8Mn7Co1O24,168.517826662
Ba4Sr4Fe2Ni6O24,228.169699449
Sr6Ca2V8O24,56.511329625
Pr4Sm4Ga8O24,82.9266298333
Y8Cr2Ga6O24,55.140801875
Y4Sr4Mn6Fe2O24,143.519281311
Sr4Y4Fe8O24,70.7659236079
Gd4Y4Ti8O24,35.37179875
Ca4Ba4Mn1Ni7O24,340.437655068
La8Mn7Co1O24,36.507512418
Y8Mn2Ga6O24,70.5986967147
Y4Sr4Co7Ni1O24,109.381015912
Ca2Pr6Ni8O24,169.71976527
La8Cr2Ga6O24,0.0
Sr4Ca4Mn6Ni2O24,185.807039526
La6Sm2V8O24,26.169518375
Ba8Ta4Ni4O24,88.1834983579
Ca8Mn7Ni1O24,186.40027518
Ba4Pr4Zr6Co2O24,47.369345875
Sr8Mn7Co1O24,110.139317787
La8Ti7Ni1O24,122.038739417
Y8Fe1Co7O24,160.334632542
Sr4La4Ni8O24,194.268536574
La8Cr7Co1O24,0.0
Pr8Ga7Co1O24,56.5407125895
Dy4Y4Mn8O24,52.1415070253
Ba4Y4Ti8O24,70.04323975
Ba4Ca4Ni4Co4O24,330.939913121
Y8V4Ni4O24,23.809066
Sr8Sc4V4O24,0.0
Ca2Y6Ti8O24,17.0003038125
Y8Co6Ni2O24,61.5578071079
Sm2Y6Ga8O24,77.2377140833
Sr4Sm4V8O24,95.3050435772
Pr8Ti7Co1O24,94.0584551875
Ba4Cd4Hf1Zr6Fe1O24,98.580755152
Sr4La1Mn8Zn3O24,172.040538871
Ba6Bi2Zr7Fe1O24,0.202289180555
La7Zn1Ni8O24,188.139583805
Ca4Ba4Co7Ni1O24,220.003380817
Pr4Ca4Ni7Co1O24,259.216571222
Ba2Pr6Ti8O24,10.17451175
Pr6Ho2Co8O24,47.4586630927
Sr6Hf2Zn2Fe6O24,196.095876287
Sr2Y6Cr8O24,61.119531625
Ca8Ni8O24,397.239965431
Pr4Nd4Ti8O24,54.8277306875
Pr6Dy2Cr8O24,0.0
Y6Ho2Cr8O24,21.28138975
Pr4Dy4Ni8O24,150.562981466
Ba4Sm4Fe8O24,157.715585096
Ba8Hf7Fe1O24,23.5011419614
Y8Sc4Ni4O24,120.061041045
Y8Mg4Mn4O24,0.0
La4Ba4Mn7Fe1O24,87.0459946888
La8Mg2Ni6O24,0.0
Ca4Ba4Fe1Co7O24,196.074158571
Y8Ga8O24,69.473884
Pr4Ba4Ni4Co4O24,191.512363013
Pr8Ti8O24,32.611025
Sr8Ni6Co2O24,241.664953145
La4Ca4Mn6Co2O24,100.117426727
Pr8Ga4Ni4O24,129.976759358
Pr8Mg4Mn4O24,0.0
Ba5Sn2La1Fe8O24,276.028720831
Y8Ti6Fe2O24,99.023686125
Sr2Pr6Co8O24,38.1465154829
Sr8Ta4V4O24,0.0
Ba2La6Co8O24,59.6349893815
Pr8Mn7Co1O24,41.2956968437
Ba6Ca2Fe8O24,118.303763453
Sr4Ca4Ni4Co4O24,250.995845074
Y4Ba4Fe2Ni6O24,320.529824591
Ba4Y4Ni8O24,190.870878449
Ca4Y4Sc8O24,142.323884358
Sr8V6Ni2O24,143.739983969
Ba6Dy2Fe8O24,121.368421525
Y8Cr1Co7O24,73.2347672296
La8Mg2Ga6O24,60.3605981789
Pr6Gd2Ni8O24,0.0
La8Mg2Co6O24,0.0
Pr4Ho4Co8O24,57.3822137802
Dy4Y4Cr8O24,28.48129225
La8Ti7Cr1O24,74.7468692031
Ba4La4Mn8O24,78.0094957753
Y8Cr7Fe1O24,12.4011708125
Sr4Ca4Mn2Co6O24,149.647777957
La4Ca4Mn2Co6O24,110.209087608
Sr4Ho4V8O24,197.610066577
Ba6Ta2Mn6Zn2O24,193.037892012
Ba2Cd2Pr4Ni8O24,284.898189574
Pr4Ca4Fe1Co7O24,59.8511380874
Pr6Sm2Fe8O24,47.141973375
Y4Ba4Mn7Ni1O24,231.481855293
Ba6Sn2Fe8O24,283.906453358
Sr4Ca4Co4Ni4O24,247.005095074
Y8Sc6Cr2O24,29.2307341562
Y8Ti7Co1O24,89.71351025
Y4Ca4Mn1Co7O24,82.3163755428
La8V4Fe4O24,28.2257425
Sr8V6Cu2O24,165.733078594
Sr4Ca4Fe7Co1O24,140.364781485
Ba8Al1Fe7O24,113.135302229
La6Zn2Co8O24,121.202058532
Sr6Mg2V8O24,118.9471195
Pr6Gd2Fe8O24,0.0
La4Ca4Mn6Ni2O24,116.278718092
La4Gd4Co8O24,0.0
Pr6Dy2Sc8O24,36.1816244687
Gd2Y6Ni8O24,0.0
Y6Ho2Ni8O24,87.2670421631
Y8Mn1Fe7O24,26.7038101073
La4Ba4Mn1Co7O24,111.920470781
Y8Fe4Ni4O24,36.2234796079
Ba8Fe7Pd1O24,75.8782445399
Sr8Fe7Ni1O24,107.783426118
Pr8Ti4Cr4O24,49.4252902917
Ba4Ca4Mn6Co2O24,198.592673799
Ba8Ni6Co2O24,250.252038324
Pr8Mn2Fe6O24,50.948668548
La8Cr7Ni1O24,0.0
La6Gd2Mn8O24,0.0
Y8Ga4Fe4O24,36.096681
Ca4La4Ga8O24,139.370003947
La6Gd2V8O24,0.0
Pr8Co4Ni4O24,95.3324888105
Nd2Y6V8O24,0.0
Pr6Ta2Zn2Fe6O24,177.346326375
Ba8Zr4Co4O24,92.4493164052
Y8Cr4Co4O24,34.2214622026
Ba8Nb1Fe7O24,69.4361417684
La4Ba4Mn4Ni4O24,154.419623787
Pr6Dy2Fe8O24,51.238815375
Ba8Fe7Pt1O24,63.6890316765
Sr8V4Fe4O24,72.67526425
Ba2Sr6Mn2Fe6O24,96.0360383765
Ba8Zn2Fe6O24,128.57645296
Pr4Ba4Mn2Fe6O24,857.231665308
Pr8Co7Ni1O24,32.9759565065
Ba8Fe4Os4O24,0.0
Ba8Fe7Rh1O24,56.1529987529
Ba2Y6V8O24,33.004800495
Y4Ba4Mn4Co4O24,140.405957382
Sr4Ca4Fe2Ni6O24,298.525792574
Y4Ba4Mn2Ni6O24,337.214376097
Dy2Y6Fe8O24,27.129298625
La4Ba4Fe2Ni6O24,189.648364591
Gd8Fe8O24,293.7439885
Ba8Fe6Re2O24,5.90096116518
Sr2Y6Ni8O24,123.233184145
Sr2Y6Mn8O24,48.240040192
Ba4Pr4Zr6Fe2O24,202.283948375
Pr6Ti2Mn6Zn2O24,89.1149867065
Gd4Y4V8O24,0.0
Sr8Fe7Co1O24,87.6081324032
Ba4Ca4Mn6Ni2O24,234.968862002
La4Ca4Ni7Co1O24,253.019864472
Sr8V4Cr4O24,95.6649845
Pr8Mn7Fe1O24,40.760422418
Ba4Ca4Fe1Co7O24,187.894408571
La4Sr4Mn1Co7O24,68.4009027332
Ba3Sn4La1Fe8O24,285.948164375
La8Ga7Co1O24,11.847970823
Y8Mg2Sc6O24,94.0057842102
La8Mn4Fe4O24,0.0
Ba4Ca4Ni6Co2O24,364.707101324
Ba8Zr4Ni4O24,139.599683716
Pr4Ca4Mn4Co4O24,88.4773613525
Ba8Ni4Co4O24,260.129737216
La4Ca4Co7Ni1O24,83.5495498644
Pr8V7Cr1O24,0.0
Pr8Sc6Fe2O24,27.595994625
Sr6Ca2Ni8O24,298.245707431
La8Sc6Fe2O24,0.0
La6Ho2Ni8O24,161.615855778
Ba6Zn2Ni8O24,407.147186056
Sr4Ba4Mn7Fe1O24,129.342617445
Ba8Zr7Co1O24,0.0
Ba2Y6Ni8O24,152.57088652
Ba4Pr4Ni8O24,214.364169074
La8V4Co4O24,31.378064
Pr7Mn8Zn1O24,67.3902193795
Pr8Mn6Ni2O24,18.9559086979
Ba7Cd1Fe8O24,126.886312072
La4Sr4Mn4Co4O24,54.6384029447
La4Gd4Mn8O24,0.0
Y8Ga7Co1O24,68.9710696132
Sr7Dy1V8O24,33.3198729476
Pr6Ta2Zn2Co6O24,121.012896
Pr8Mg4Ga4O24,157.158326358
Ba4Sr4Al1Fe7O24,127.825789025
Pr8Cr1Ni7O24,94.6538849388
Sr4Ca4Mn4Co4O24,140.265181764
Pr4Ba4Fe2Co6O24,130.347187757
Y4Ca4Co6Ni2O24,252.161353966
Y4Ca4Mn7Fe1O24,188.51316397
La8Ga4Co4O24,26.3184750776
Sr2La6Ni8O24,155.792869145
Ba8Fe6Pt2O24,49.3432856618
Pr4Ba4Mn6Ni2O24,135.390845031
Sr6La2V8O24,27.1330052408
Pr6Nb2Zn2Co6O24,149.58971125
Dy2Y6Mn8O24,45.499570942
Pr4Ho4Ni8O24,154.697466591
Pr6Zr2Zn2Ni6O24,188.725323037
Pr4Sm4Cr8O24,0.0
Sr2La6Ti8O24,7.37896698611
Sr8Nb2V6O24,0.0
Pr8Cr8O24,0.0
Pr6Sm2V8O24,0.0
Ba8Zr3Fe1Co4O24,74.586104069
La6Hf2Zn2Ni6O24,214.252915662
Ba6Zr2Zn2Fe6O24,296.501210281
Pr8Ga4Co4O24,66.6463829526
La6Nb2Zn2Ni6O24,185.182334608
Ba8Zr3Ta4Fe1O24,29.91808225
Sr8V6Mo2O24,192.009283406
La8Ti4Mn4O24,37.348833846
Ca4Sr4Mn1Ni7O24,347.29590062
Pr6Zr2Mn6Zn2O24,89.464121769
Sr6Ca2Fe4Co4O24,117.143168942
Pr8Ti7Fe1O24,85.8908576875
Sr8Mg4V4O24,140.488835358
Sr8V4Ru4O24,90.435045
La8Fe7Co1O24,0.0
Sr4Ca4Mn7Ni1O24,159.401405204
La8Mn7Fe1O24,40.2646946055
Sr6Zr2Zn2Co6O24,190.460889358
La8Ti6Ni2O24,208.989074875
Ba8Fe6Rh2O24,36.5282198147
Ba7Sr1Mn2Fe6O24,93.6717096162
Sr8V4Re4O24,35.0703869833
Sr6Hf2Zn2Co6O24,190.002071483
Pr6Nd2Fe8O24,44.848887375
Ba4Sr4Zn2Fe6O24,150.472708246
Ba4Y4V8O24,71.75494749
La4Ca4Fe1Ni7O24,252.001050484
Ba4Ca4Ni7Co1O24,354.737751878
Ca4Ba4Mn7Fe1O24,190.075255435
Pr8Mg2Ni6O24,0.0
Ca4Ba4Mn7Co1O24,196.409133579
Gd2Y6Ga8O24,72.650127375
Sr4Ca4Mn2Fe6O24,135.369316569
Ba6Ho2Fe8O24,129.128414087
Ba4Gd4Mn8O24,105.693165317
Y4Ba4Fe2Co6O24,136.293767132
Y4Ba4Mn6Ni2O24,251.196620227
Sr8V4Zn4O24,198.105435858
Y8Sc6Ni2O24,80.1561257102
La6Sm2Fe8O24,0.0
La8V6Fe2O24,35.15839525
Ca8Mn6Fe2O24,158.03796501
Ba4Pr4Nb6Fe2O24,211.4607162
La4Ca4Mn4Co4O24,91.2847571679
Ba8Zr6Ta1Fe1O24,0.0
La8Sc7Mn1O24,9.5235200865
Pr4Sr4Mn7Fe1O24,61.576363168
La8Mn4V4O24,73.395222096
Nd8Fe8O24,209.8692985
Ba4Pr4Zr6Ni2O24,128.448865625
La8Cr1Ni7O24,114.247314439
La8Mg1Co7O24,0.0
Sr4Ba4Co7Ni1O24,155.694636864
La4Ba4Mn4Co4O24,103.756754539
La6Ho2Ti8O24,55.3782776875
La4Sr4Co4Ni4O24,136.443088216
Ca8Mn4Co4O24,168.86730174
La8Co8O24,25.8389489052
Sr4La4Ti8O24,0.0
Y8Ti4Ni4O24,21.912008
Ba4Sr4Fe4Ni4O24,184.901448591
Sr6Pr2V8O24,4.45796202206
Y4Ba4Ni7Co1O24,367.183227895
Sr6Gd2V8O24,36.3667393658
Y6Zr2Mn6Zn2O24,83.809256644
Ca4Ba4Fe2Co6O24,186.026530427
Y8Ti6Cr2O24,92.808241625
Pr8Mg4Sc4O24,140.515009858
Ba8Ta4Co4O24,21.6105345
Y8Ni8O24,87.8388717157
Ba8Ta4Fe4O24,0.0
Ba8Ta6Ni2O24,112.0035505
Sr4Ca4Mn1Ni7O24,323.63415062
Ca2La6Ti8O24,8.970625875
Sr8Mn4Ni4O24,187.875800187
Y8Mn6Ni2O24,103.731414727
Ba7Dy1Fe8O24,95.1442246079
Y8Ga6Fe2O24,52.2740325
Sr6Zr2Zn2Ni6O24,319.706164574
Pr8Mn4Cr4O24,21.517473096
Y4Ca4Mn7Co1O24,192.088746793
Ba8Co8O24,124.54211081
La6Nd2Ga8O24,12.6328149464
Ca8Mn2Fe6O24,171.490363314
Ba7Zn1Fe8O24,150.371025947
Ba4Sr4Fe2Co6O24,123.754016388
Ba7Sn1Zr7Fe1O24,21.172087375
Pr6Sm2Ti8O24,52.9102782812
Pr8Mn6Co2O24,45.2879704953
La8Fe6Co2O24,0.0
Ca2Pr6Sc8O24,81.0394981789
Sr8Ti1V7O24,0.0
La8Mg1Mn7O24,0.0
Ca8Fe2Ni6O24,342.040019378
Ba8Cr8O24,15.007828375
Sr4Y4Cr8O24,93.06800775
Sm4Y4Mn8O24,44.4093612753
Pr8Mn1V7O24,7.56564178181
Pr6Nd2Ti8O24,44.0103778437
Y8Co1Ni7O24,70.9430276144
Ba7Ca1Fe8O24,97.8662705723
Nd4Y4Co8O24,45.4043655302
Ba8Fe4Tc4O24,0.0
La4Ca4Ni6Co2O24,238.522270371
Gd2Y6Ti8O24,38.778547375
La4Ca4Mn7Co1O24,96.9267962097
Ca4Pr4Ga8O24,204.099993472
Y8Mn4Ni4O24,0.0
Sr4Ca4Mn8O24,136.808520882
Sm2Y6V8O24,0.0
Pr4Dy4Ti8O24,95.226843375
Sr8V7Ru1O24,84.5812328594
Pr4Gd4V8O24,0.0
Ba4La4Co8O24,117.650529858
Nd2Y6Mn8O24,43.821956692
Pr4Ca4Mn2Co6O24,96.9915119328
Ba8Y2Fe6O24,63.1512971348
Y6Ta2Mn6Zn2O24,80.9403347273
Ba2Gd6Fe8O24,70.9734215852
La4Sr4Fe2Co6O24,78.9063338342
Pr4Ho4Mn8O24,60.862885192
Ba7La1Fe8O24,66.0766101048
Ca2La6Ni8O24,178.001455145
Y6Zn2Fe8O24,93.3858524289
Sr6Ta2Zn2Co6O24,170.828354358
La6Gd2Sc8O24,30.22875
Ca4Pr4V8O24,21.1232453125
Pr4Ca4Ni6Co2O24,245.488977121
Pr8Cr4Fe4O24,0.0
Sr2Pr6V8O24,0.0
Sr8V7Ga1O24,49.7936119168
Ba8Mn4Co4O24,155.663046482
Y8Mg4V4O24,0.0
Y4Ho4V8O24,0.0
Y4Ba4Mn2Co6O24,149.948332694
La8Fe6Ni2O24,0.0
Y8Mn7Fe1O24,38.3815527513
Y7Mn8Zn1O24,59.679202692
Ba4Sr4Fe1Ni7O24,242.96546494
Pr8Mg1Cr7O24,0.0
La8V4Ni4O24,104.542615
La6Ho2V8O24,47.619279875
Pr4Ho4V8O24,7.0559253125
La8Cr4Co4O24,0.0
Ca4Ba4Ni6Co2O24,357.145351324
Pr8Ga6Fe2O24,43.1541225
Pr6Nd2Cr8O24,0.0
Ba4Mg4Fe8O24,408.488586216
Ba8Zr2Fe6O24,53.5777137684
Pr8V4Cr4O24,0.0
Ba4Pr4Hf4Ni4O24,230.921904608
Y8V4Cr4O24,0.0
Y8Mg1Ga7O24,91.6707429645
Y8Mg1Cr7O24,0.0
Y8Cr4Fe4O24,7.99376675
Y8Mn2Ni6O24,31.5229081559
Pr6Nd2Ga8O24,64.5192862917
Pr8Fe6Ni2O24,54.0734040539
Sr6Zn2Ni8O24,369.780134181
Ba4Sr4Mn2Co6O24,134.599602052
La4Gd4Ti8O24,34.149398125
Nd4Y4Cr8O24,33.885364
Sr4Pr4Cr8O24,54.4675418333
Y4Ca4Co7Ni1O24,88.6267598644
Sr4Ca4Mn4Fe4O24,121.692419186
Ca4Ba4Mn4Ni4O24,274.756630645
Ba8Pt8O24,156.627930263
Ba8Fe7Re1O24,30.403271269
Sr2Pr6Cr8O24,12.1655324167
Sr6Hf2Mn6Zn2O24,142.483392823
La8Mg1Cr7O24,0.0
La8Mn4Ni4O24,0.442073703859
Ba4Sr4Co8O24,122.316042763
La8Mn2Cr6O24,0.0
La4Ca4Mn7Ni1O24,102.79458377
Ba2La6Ni8O24,162.308582145
Ca4Sr4Mn4Co4O24,138.575931764
Sr8V4Rh4O24,110.110223375
Y8Mg2V6O24,0.0
Ba6Mn8Zn2O24,276.217368746
La8Fe4Co4O24,1.92094295262
Pr6Sm2Ga8O24,69.4770316667
La8Mg4Sc4O24,89.9135403579
Sr8V4Ge4O24,98.8464407187
Sm4Y4Ga8O24,82.9015441667
La4Ca4Co4Ni4O24,177.317832168
Y4Sr4Fe1Co7O24,89.577908623
Ba8Fe7Co1O24,91.4620807359
Pr4Gd4Ti8O24,55.0100621875
Ba4Ca4Mn2Co6O24,197.124129552
Sr4Pr4Mn8O24,34.011113942
Pr8Ga7Ni1O24,76.8321234645
Dy4Y4Ti8O24,51.90442725
Sr6Ti2Zn2Ni6O24,335.551879324
Sm4Y4Cr8O24,2.5504414375
Y8Mn6Fe2O24,39.127470644
Ca4Sr4Fe1Co7O24,141.453455481
Y6Zn2Co8O24,119.298373532
Sr2Y6Co8O24,72.6725203579
Ca8Fe1Co7O24,189.093084477
Y4Ba4Mn7Fe1O24,212.302508251
Y8Fe7Co1O24,27.7992143632
Sr6Ca2Mn1Fe7O24,110.864717892
Ba4Sr4Zn6Fe2O24,294.89317499
Ba8Fe7Ru1O24,36.3631922476
Y4Ba4Ni4Co4O24,226.507616263
Pr8Fe1Ni7O24,106.701246689
La4Ba4Fe2Co6O24,114.507151882
Pr4Ba4Mn6Fe2O24,101.768107977
Ba4Pr4V8O24,57.144381475
Y8Mg1Ni7O24,0.0
Pr6Dy2Ga8O24,75.4658120833
Pr8Cr2Ni6O24,83.0269046618
Pr4Nd4Cr8O24,1.40097275
Pr6Hf2Mn6Zn2O24,97.753715269
La4Ho4Sc8O24,0.992490624999
Sr6Zr2Mn6Zn2O24,125.772960698
Pr8Co8O24,22.4196124052
Ba4Pr4Zr7Ni1O24,211.476823813
Ba8Mn1Ni7O24,265.270592068
Ba4Ca4Fe8O24,163.185749216
Ba4Pr4Sc8O24,94.3019058579
Ba2Sr6Fe6Ni2O24,135.954460139
La4Ba4Co4Ni4O24,192.284656263
Pr4Ca4Co4Ni4O24,184.516538918
Y4Ca4Fe2Ni6O24,328.54172252
Ba8Ir8O24,163.297864937
La4Dy4Fe8O24,0.0
Sr8V6Pd2O24,182.417159594
Sr8V7Fe1O24,50.4471564427
Pr8V8O24,0.0
Gd2Y6Co8O24,0.0
Y6Ho2Ga8O24,76.5032664308
La6Sm2Ni8O24,140.198318684
La8Ti7Mn1O24,65.3557068672
Sr4Ca4Mn6Fe2O24,131.977595034
Sr2Y6Ti8O24,33.46241925
Sr8Hf2V6O24,35.2832986158
La4Sr4Ni7Co1O24,193.51782743
Pr8Sc7Fe1O24,25.7130075625
Sr4Ca4Mn2Ni6O24,305.414507809
Y8Fe4Co4O24,28.3696734526
Ba4Sr4Mn6Ni2O24,180.035167907
Sr4Ca4Co6Ni2O24,208.659156871
Sr6Ca2Fe7Co1O24,117.140514423
Sr8Fe2Co6O24,90.3169483407
Pr6Ti2Zn2Co6O24,102.665207858
Pr4Ca4Mn6Co2O24,98.3944607723
Sm8Fe8O24,272.8043925
La8Sc7Fe1O24,0.0
Bi4Sr4Fe2Co6O24,170.388617304
Sr2Pr6Sc8O24,63.3172566164
La4Dy4Ti8O24,60.680276625
Ba2Pr6Ni8O24,162.89217552
La8Mg1Ga7O24,34.9408400761
La8Sc7Cr1O24,0.0
Sr8Mn6Ni2O24,142.295817585
Sr4Ba4Fe2Ni6O24,223.816699449
La8V6Co2O24,61.213702625
Ba8Fe2Cu6O24,237.521274841
Y8Mn1V7O24,36.5545469302
La1Pr4Mn8Zn3O24,144.746720817
Pr4Gd4Ga8O24,78.3502295312
La8Cr6Ni2O24,0.0
La8Ti6Mn2O24,95.520522806
La8Mn4Cr4O24,0.0
Sr8Mn6Fe2O24,81.5746890313
Ba4Ce4Mn8O24,119.114167692
La8Mn1Ni7O24,100.457044713
Ba8Fe4Pd4O24,41.601287871
La1Pr4Zn3Ni8O24,0.0
Y8Mg2Mn6O24,0.0
Y8Ti4Co4O24,7.0009685
Ba3Cd1Pr4Ni8O24,257.075962699
La5Zn3Ni8O24,304.216097984
Ba4Sr4Fe2Cu6O24,253.560445966
Pr4Dy4Cr8O24,9.106651
Ba4Pr4Ta4Fe4O24,31.5202492
Dy2Y6Sc8O24,34.8683784583
Ba8Fe2Nb1Co5O24,122.31135567
La8Ti4Fe4O24,28.81237225
Ca4Sr4Mn4Ni4O24,238.535058169
La6Zr2Zn2Co6O24,114.194239296
Ba8Nb4Co4O24,37.9332462026
Y8Mn7Ni1O24,56.665649793
Pr4Ca4Mn2Ni6O24,223.307826541
La4Sm4Cr8O24,0.0
Sr8Nb1V7O24,10.4314375689
Ba4Sr4Zn8O24,377.502008598
Pr8Sc6Cr2O24,10.352771125
Ba4Sr4Cu8O24,288.486562824
Pr4Gd4Cr8O24,0.0
Ba6Hf2Mn6Zn2O24,219.470530781
Ca2Y6Fe8O24,45.6348093039
Pr6Dy2Co8O24,48.0411705302
Ba6Nb2Zn2Co6O24,210.375206344
La8Sc8O24,0.0
Sr8Fe4Ni4O24,182.613119716
Y8Mg4Ni4O24,0.0
Ba4Pr4Ta4Co4O24,39.9617942
Y6Ho2Co8O24,56.3192893526
La6Nd2Cr8O24,0.0
La6Hf2Zn2Fe6O24,156.51523
Ba2La6Ti8O24,14.8100515625
Sr2Pr6Fe8O24,48.3755925539
Ba8Re8O24,158.218632333
Ca8Mn1Fe7O24,185.05127539
Sr4La4Co8O24,45.2159618105
Pr8Mg1Ti7O24,17.7187702813
La4Ba4Co7Ni1O24,124.314123959
Y8V6Ni2O24,47.2079029375
La4Gd4Sc8O24,29.653255
Ba8Zr6Ni2O24,50.4901918579
La6Dy2Ti8O24,52.6296356875
La8Sc6Cr2O24,0.0
Ba2Pr6Sc8O24,65.9849631789
Nd4Y4Sc8O24,30.7458096875
Pr8Co2Ni6O24,81.5909270131
Y8V4Fe4O24,0.0
La4Sm4Ga8O24,22.3715508958
La8Sc7Co1O24,0.0
Sr8V6Zn2O24,124.759380625
Sr4Ca4Mn7Fe1O24,135.408932958
Ca4Ba4Mn7Ni1O24,210.33572768
Ca4La4Cr8O24,0.203972666664
Ba8Os8O24,92.4561079091
Y8Co8O24,48.7758689052
Sr6Ca2Fe4Ni4O24,216.122194574
La4Ho4Ni8O24,189.644509841
Y6Ta2Zn2Co6O24,114.36792625
Ca4Y4Ga8O24,207.75718308
Y8Mg4Fe4O24,0.0
Sr8V4Pd4O24,179.369513621
Ba6Nb2Zn2Fe6O24,214.185752358
Pr8Mg2Fe6O24,0.0
Ba8Ta6Fe2O24,121.571007147
Pr6Nd2Mn8O24,39.542985442
Ba8Fe6Pd2O24,69.2869613885
Ca8Fe4Co4O24,183.151200043
Ba8Hf6Co2O24,70.2166732026
Ba8Zr5Nb2Fe1O24,0.0
Ca8Fe7Co1O24,184.59131561
Ba4Sr4Ga2Fe6O24,145.197831669
Ca4Ba4Mn6Co2O24,191.836673799
La4Dy4Ni8O24,181.910774716
Ca8Mn7Co1O24,183.828681079
Sr4Y4Ni8O24,157.611746574
Ba4Sm4Mn8O24,107.975066775
Pr8Sc4Cr4O24,0.0
Pr8Mg2Ga6O24,110.052006054
Pr6Zn2Ni8O24,233.37177602
Ba4La1Mn8Zn3O24,244.558933704
Ba2Y6Fe8O24,84.7289651789
Nd4Y4Fe8O24,38.65176325
Sm4Y4Co8O24,49.4793928427
Ca8Fe7Ni1O24,208.035658149
Ba8V8O24,0.0
La8Mn1Cr7O24,0.0
Pr8V6Cr2O24,0.0
Y8Ti7Ni1O24,121.777150396
Sr8V6Re2O24,38.1360533299
Dy2Y6Co8O24,49.2192869886
La4Sr4Mn6Fe2O24,45.293214144
La4Sr4Co7Ni1O24,79.3248059118
Sr8V7Re1O24,38.749668158
Y8Mn4V4O24,19.410199346
Ba2La6Ga8O24,94.5062097102
Sr8V7Sn1O24,49.5323893594
Pr6Zr2Zn2Co6O24,123.826342921
Dy2Y6Ga8O24,75.6574945
Sm4Y4V8O24,0.0
Sr6Zn2Fe8O24,200.504538216
Pr8Fe8O24,44.549417
Pr4Ca4Mn1Co7O24,70.822087223
La4Ca4Fe1Co7O24,101.887891775
Ca4Ba4Mn6Fe2O24,178.58616751
Ba4Ca4Mn7Co1O24,206.610133579
Ca2La6Mn8O24,32.789930692
Pr4Ba4Co7Ni1O24,139.013580709
Sr6Ca2Mn2Fe6O24,109.297299507
La4Ba4Ni6Co2O24,237.062344466
Y8Mg4Cr4O24,0.0
Gd4Y4Sc8O24,27.2516126875
La8Ti6Cr2O24,117.125778375
Ba4Sr4Al6Fe2O24,206.158236245
La8Ni8O24,128.935951716
Sr8V6Si2O24,98.2564415885
Ba4Sr4Mn1Fe7O24,97.9185800222
Ba8Fe4Co4O24,123.93596706
Ba7Sr1Mn1Fe7O24,87.7843631349
Ba4Pr4Ta7Fe1O24,286.014919019
La6Zn2Ni8O24,241.991215895
Ca8Mn4Fe4O24,156.027039162
Ba8Mn4Fe4O24,100.815663616
Ba5Bi2La1Fe8O24,127.378189206
Y8Mn4Ga4O24,65.5202594293
La6Mn8Zn2O24,94.573625692
Pr8Fe7Ni1O24,47.545535527
Sr8Mg1V7O24,52.8734187279
Pr8Mn4Ni4O24,0.0
Pr7Zn1Ni8O24,178.590945618
Ba2Pr6Co8O24,62.4940495065
La4Sr4Ni6Co2O24,178.519868287
La8Mn2Ga6O24,7.74558847657
Sm2Y6Co8O24,53.285630874
La8Fe4Ni4O24,0.0
La4Sr4Mn6Co2O24,59.5241562349
Ca4Y4Ti8O24,0.0
Pr8Cr6Ni2O24,0.0
Ca4Pr4Ni8O24,224.402165324
La8Mn2V6O24,36.179510048
Ba8Ni7Co1O24,245.692438878
Ba8Ta8O24,50.0993
Pr4Ho4Cr8O24,10.51108275
La6Ta2Zn2Fe6O24,110.503751
Bi1Ba3Sr4Fe2Co6O24,125.292207611
Ba8Zn4Fe4O24,197.421378228
Pr6Gd2Ti8O24,42.3440435938
Y4Sr4Fe2Ni6O24,287.755495716
Pr8Cr4Ga4O24,26.27533825
Ba8Zr3Fe1Mo4O24,307.83053925
Y4Ca4Ni4Co4O24,144.889042168
Ba4Sr4Fe6Ni2O24,137.583440952
Ba2Sr6Fe8O24,89.5029614657
Sr4La1Zn3Co8O24,229.722452072
Pr4Ba4Mn7Ni1O24,121.428977278
Ba4Dy4Mn8O24,137.408712525
Pr4Ba4Ni7Co1O24,250.57926852
Gd4Y4Cr8O24,0.0
Y4Ba4Co6Ni2O24,285.34442806
Pr8Mg2Ti6O24,0.0
Ca8Mn2Ni6O24,336.224696788
Sr8V6Pt2O24,178.944559094
Pr4Sr4Ni6Co2O24,184.420825037
Ba4Ca4Mn7Fe1O24,192.712755435
Y6Ho2V8O24,0.0
La4Ba4Mn2Ni6O24,201.32142318
Y4Ca4Mn7Ni1O24,197.309000251
Pr4Ca4Fe1Ni7O24,258.640046797
Y7Zn1Ni8O24,185.728826305
La8Cr4Ni4O24,0.0
Ba4Pr4Zr4Co4O24,77.8684422026
Y6Hf2Mn6Zn2O24,91.156936519
Ba4Pr4Hf6Fe2O24,139.763133125
Sr8V4Os4O24,94.3179777045
La6Nd2Mn8O24,40.254439817
La8Sc7Ni1O24,0.0
Ba4Pr4Nb6Co2O24,251.36028695
Ba4Pr4Hf4Fe4O24,0.0
Pr8Cr7Co1O24,0.0
Ba4Sr4Ga8O24,289.712977799
Dy4Y4Fe8O24,34.10036925
Sr4Y4V8O24,0.0
Ba7Cd1Zr7Fe1O24,22.478400277
Pr6Sm2Ni8O24,128.386128809
